<?xml version="1.0" encoding="UTF-8"?>
<!-- 
    Maven Dependencies for Attendance Monitoring System
    Add these dependencies to your pom.xml file
-->
<project>
    <dependencies>
        <!-- MySQL Connector/J for database connectivity -->
        <dependency>
            <groupId>mysql</groupId>
            <artifactId>mysql-connector-java</artifactId>
            <version>8.0.33</version>
            <scope>runtime</scope>
        </dependency>
        
        <!-- Alternative: Use the newer connector -->
        <!--
        <dependency>
            <groupId>com.mysql</groupId>
            <artifactId>mysql-connector-j</artifactId>
            <version>8.0.33</version>
            <scope>runtime</scope>
        </dependency>
        -->
        
        <!-- JUnit for testing (optional) -->
        <dependency>
            <groupId>junit</groupId>
            <artifactId>junit</artifactId>
            <version>4.13.2</version>
            <scope>test</scope>
        </dependency>
        
        <!-- Apache Commons Lang for utility functions (optional) -->
        <dependency>
            <groupId>org.apache.commons</groupId>
            <artifactId>commons-lang3</artifactId>
            <version>3.12.0</version>
        </dependency>
        
        <!-- JSON processing for audit logs (optional) -->
        <dependency>
            <groupId>com.fasterxml.jackson.core</groupId>
            <artifactId>jackson-databind</artifactId>
            <version>2.15.2</version>
        </dependency>
    </dependencies>
</project>

<!-- 
    Instructions to add to your pom.xml:
    
    1. Copy the dependency blocks above into your <dependencies> section
    2. Make sure your Java version is set to 17 or higher:
    
    <properties>
        <maven.compiler.source>17</maven.compiler.source>
        <maven.compiler.target>17</maven.compiler.target>
        <project.build.sourceEncoding>UTF-8</project.build.sourceEncoding>
    </properties>
    
    3. Your complete pom.xml should look like:
    
    <?xml version="1.0" encoding="UTF-8"?>
    <project xmlns="http://maven.apache.org/POM/4.0.0"
             xmlns:xsi="http://www.w3.org/2001/XMLSchema-instance"
             xsi:schemaLocation="http://maven.apache.org/POM/4.0.0 
             http://maven.apache.org/xsd/maven-4.0.0.xsd">
        <modelVersion>4.0.0</modelVersion>
        
        <groupId>com.mycompany</groupId>
        <artifactId>finalattedancemonitoringsystem</artifactId>
        <version>1.0-SNAPSHOT</version>
        <packaging>jar</packaging>
        
        <properties>
            <maven.compiler.source>17</maven.compiler.source>
            <maven.compiler.target>17</maven.compiler.target>
            <project.build.sourceEncoding>UTF-8</project.build.sourceEncoding>
        </properties>
        
        <dependencies>
            <!-- Add the dependencies from above here -->
        </dependencies>
        
        <build>
            <plugins>
                <plugin>
                    <groupId>org.apache.maven.plugins</groupId>
                    <artifactId>maven-compiler-plugin</artifactId>
                    <version>3.11.0</version>
                    <configuration>
                        <source>17</source>
                        <target>17</target>
                    </configuration>
                </plugin>
                
                <plugin>
                    <groupId>org.codehaus.mojo</groupId>
                    <artifactId>exec-maven-plugin</artifactId>
                    <version>3.1.0</version>
                    <configuration>
                        <mainClass>com.mycompany.finalattedancemonitoringsystem.FinalAttedanceMonitoringSystem</mainClass>
                    </configuration>
                </plugin>
            </plugins>
        </build>
    </project>
-->
